OID_,FaultNum,x,y
1,0,326190,4404690
2,0,326234,4404740
3,0,326278,4404791
4,0,326321,4404842
5,0,326365,4404893
6,0,326407,4404945
7,0,326450,4404996
8,0,326492,4405048
9,0,326533,4405101
10,0,326575,4405153
11,0,326616,4405206
12,0,326656,4405259
13,0,326696,4405312
14,0,326736,4405366
15,0,326776,4405420
16,0,326815,4405474
17,0,326853,4405528
18,0,326895,4405587
19,0,327003,4405738
20,0,327053,4405808
21,0,327105,4405882
22,0,327151,4405949
23,0,327176,4405986
24,0,327200,4406021
25,0,327222,4406055
26,0,327244,4406088
27,0,327265,4406121
28,0,327285,4406153
29,0,327305,4406185
30,0,327324,4406216
31,0,327344,4406249
32,0,327363,4406281
33,0,327382,4406314
34,0,327400,4406345
35,0,327417,4406377
36,0,327433,4406408
37,0,327450,4406439
38,0,327465,4406470
39,0,327480,4406500
40,0,327494,4406531
41,0,327508,4406561
42,0,327522,4406591
43,0,327535,4406620
44,0,327547,4406650
45,0,327559,4406680
46,0,327570,4406709
47,0,327576,4406725
48,0,327582,4406742
49,0,327587,4406759
50,0,327593,4406776
51,0,327598,4406795
52,0,327604,4406813
53,0,327609,4406833
54,0,327614,4406853
55,0,327623,4406888
56,0,327632,4406928
57,0,327641,4406965
58,0,327661,4407057
59,0,327672,4407105
60,0,327677,4407128
61,0,327683,4407151
62,0,327688,4407172
63,0,327694,4407192
64,0,327700,4407213
65,0,327706,4407233
66,0,327712,4407253
67,0,327718,4407272
68,0,327725,4407290
69,0,327732,4407308
70,0,327739,4407326
71,0,327746,4407343
72,0,327758,4407370
73,0,327771,4407398
74,0,327785,4407427
75,0,327800,4407456
76,0,327816,4407485
77,0,327833,4407515
78,0,327851,4407546
79,0,327870,4407578
80,0,327888,4407606
81,0,327907,4407636
82,0,327927,4407667
83,0,327949,4407700
84,0,327984,4407752
85,0,328072,4407881
86,0,328112,4407940
87,0,328136,4407976
88,0,328162,4408013
89,0,328188,4408050
90,0,328215,4408089
91,0,328243,4408128
92,0,328272,4408168
93,0,328303,4408209
94,0,328335,4408251
95,0,328391,4408325
96,0,328454,4408406
97,0,328516,4408484
98,0,328665,4408673
99,0,328706,4408725
100,0,328743,4408773
101,0,328830,4408884
102,0,328917,4408996
103,0,329005,4409107
104,0,329093,4409218
105,0,329181,4409329
106,0,329270,4409439
107,0,329359,4409549
108,0,329449,4409659
109,1,325993,4404763
110,1,326026,4404794
111,1,326059,4404826
112,1,326091,4404857
113,1,326123,4404889
114,1,326154,4404921
115,1,326185,4404954
116,1,326215,4404987
117,1,326244,4405019
118,1,326273,4405053
119,1,326302,4405086
120,1,326330,4405119
121,1,326357,4405153
122,1,326384,4405187
123,1,326410,4405222
124,1,326436,4405256
125,1,326461,4405291
126,1,326486,4405326
127,1,326510,4405361
128,1,326534,4405397
129,1,326557,4405433
130,1,326579,4405469
131,1,326601,4405505
132,1,326623,4405541
133,1,326644,4405578
134,1,326664,4405615
135,1,326684,4405652
136,1,326703,4405690
137,1,326722,4405727
138,1,326740,4405765
139,1,326757,4405803
140,1,326774,4405842
141,1,326791,4405880
142,1,326800,4405901
143,1,326808,4405923
144,1,326816,4405945
145,1,326824,4405967
146,1,326832,4405989
147,1,326840,4406012
148,1,326847,4406035
149,1,326855,4406059
150,1,326862,4406083
151,1,326869,4406108
152,1,326876,4406133
153,1,326882,4406159
154,1,326889,4406185
155,1,326895,4406211
156,1,326901,4406239
157,1,326907,4406267
158,1,326916,4406311
159,1,326925,4406358
160,1,326934,4406407
161,1,326943,4406460
162,1,326952,4406509
163,1,326960,4406564
164,1,326991,4406766
165,1,327004,4406849
166,1,327011,4406894
167,1,327018,4406935
168,1,327025,4406974
169,1,327032,4407011
170,1,327036,4407033
171,1,327040,4407056
172,1,327048,4407105
173,1,327056,4407159
174,1,327071,4407267
175,1,327078,4407313
176,1,327085,4407361
177,1,327092,4407403
178,1,327097,4407428
179,1,327102,4407452
180,1,327107,4407475
181,1,327112,4407498
182,1,327117,4407519
183,1,327122,4407540
184,1,327128,4407560
185,1,327134,4407580
186,1,327139,4407596
187,1,327144,4407613
188,1,327150,4407629
189,1,327156,4407645
190,1,327162,4407661
191,1,327169,4407678
192,1,327175,4407694
193,1,327182,4407710
194,1,327190,4407726
195,1,327197,4407742
196,1,327205,4407758
197,1,327213,4407774
198,1,327222,4407790
199,1,327230,4407806
200,1,327239,4407822
201,1,327248,4407838
202,1,327258,4407854
203,1,327268,4407870
204,1,327278,4407886
205,1,327288,4407902
206,1,327299,4407918
207,1,327310,4407935
208,1,327321,4407951
209,1,327332,4407967
210,1,327344,4407983
211,1,327356,4407999
212,1,327369,4408015
213,1,327382,4408032
214,1,327395,4408048
215,1,327408,4408065
216,1,327422,4408081
217,1,327436,4408098
218,1,327459,4408124
219,1,327483,4408151
220,1,327508,4408179
221,1,327535,4408206
222,1,327562,4408234
223,1,327591,4408263
224,1,327620,4408293
225,1,327652,4408324
226,1,327679,4408349
227,1,327707,4408376
228,1,327737,4408403
229,1,327769,4408433
230,1,327829,4408488
231,1,327975,4408620
232,1,328014,4408657
233,1,328050,4408689
234,1,328087,4408724
235,1,328121,4408757
236,1,328154,4408788
237,1,328185,4408819
238,1,328217,4408851
239,1,328247,4408882
240,1,328276,4408912
241,1,328303,4408942
242,1,328330,4408972
243,1,328355,4409001
244,1,328380,4409030
245,1,328403,4409058
246,1,328436,4409101
247,1,328475,4409152
248,1,328520,4409212
249,1,328571,4409281
250,1,328623,4409352
251,1,328683,4409434
252,1,328886,4409714
253,1,328954,4409808
254,1,328988,4409855
255,1,329017,4409894
256,1,329043,4409928
257,1,329065,4409957
258,1,329088,4409988
259,1,329098,4410000
260,1,329106,4410009
261,1,329113,4410017
262,1,329118,4410022
263,1,329122,4410026
264,1,329123,4410027
265,1,329124,4410027
266,1,329125,4410027
267,1,329125,4410026
268,1,329125,4410025
269,1,329125,4410023
270,1,329123,4410018
271,1,329120,4410011
272,1,329115,4410002
273,1,329109,4409991
274,1,329092,4409961
275,1,329084,4409947
276,2,328231,4406318
277,2,328255,4406393
278,2,328279,4406469
279,2,328304,4406545
280,2,328329,4406620
281,2,328354,4406696
282,2,328380,4406771
283,2,328406,4406846
284,2,328433,4406921
285,2,328441,4406944
286,2,328450,4406967
287,2,328459,4406992
288,2,328470,4407018
289,2,328491,4407071
290,2,328534,4407171
291,2,328551,4407213
292,2,328569,4407257
293,2,328584,4407296
294,2,328592,4407319
295,2,328600,4407341
296,2,328608,4407363
297,2,328615,4407384
298,2,328622,4407404
299,2,328628,4407425
300,2,328633,4407444
301,2,328638,4407464
302,2,328646,4407492
303,2,328652,4407520
304,2,328659,4407549
305,2,328665,4407579
306,2,328671,4407609
307,2,328677,4407639
308,2,328682,4407669
309,2,328687,4407701
310,2,328692,4407732
311,2,328697,4407764
312,2,328701,4407797
313,2,328705,4407830
314,2,328709,4407863
315,2,328713,4407898
316,2,328716,4407932
317,2,328719,4407968
318,2,328720,4407983
319,2,328721,4407999
320,2,328721,4408016
321,2,328721,4408035
322,2,328720,4408052
323,2,328720,4408071
324,2,328716,4408140
325,2,328715,4408167
326,2,328714,4408196
327,2,328714,4408209
328,2,328714,4408221
329,2,328715,4408236
330,2,328716,4408250
331,2,328717,4408263
332,2,328719,4408276
333,2,328721,4408288
334,2,328723,4408300
335,2,328726,4408311
336,2,328729,4408322
337,2,328732,4408332
338,2,328735,4408341
339,2,328739,4408350
340,2,328743,4408360
341,2,328747,4408369
342,2,328752,4408378
343,2,328757,4408387
344,2,328762,4408396
345,2,328768,4408406
346,2,328774,4408415
347,2,328780,4408424
348,2,328787,4408434
349,2,328794,4408443
350,2,328802,4408452
351,2,328810,4408462
352,2,328818,4408471
353,2,328832,4408487
354,2,328848,4408503
355,2,328864,4408520
356,2,328883,4408537
357,2,328900,4408552
358,2,328918,4408569
359,2,328981,4408624
360,2,329003,4408644
361,2,329025,4408664
362,2,329044,4408682
363,2,329063,4408700
364,2,329080,4408718
365,2,329095,4408735
366,2,329110,4408752
367,2,329147,4408797
368,2,329183,4408843
369,2,329220,4408888
370,2,329256,4408935
371,2,329292,4408981
372,2,329327,4409028
373,2,329362,4409075
374,2,329397,4409122
375,2,329432,4409169
376,2,329466,4409217
377,2,329499,4409265
378,2,329533,4409313
379,2,329566,4409362
380,2,329599,4409411
381,2,329631,4409460
382,2,329663,4409509
383,3,327808,4407425
384,3,327809,4407458
385,3,327810,4407491
386,3,327812,4407524
387,3,327814,4407557
388,3,327817,4407589
389,3,327821,4407621
390,3,327825,4407653
391,3,327830,4407684
392,3,327836,4407716
393,3,327842,4407747
394,3,327849,4407778
395,3,327856,4407809
396,3,327865,4407839
397,3,327873,4407869
398,3,327883,4407899
399,3,327893,4407929
400,3,327902,4407952
401,3,327911,4407975
402,3,327921,4407999
403,3,327932,4408023
404,3,327943,4408047
405,3,327956,4408071
406,3,327969,4408096
407,3,327983,4408122
408,3,327998,4408147
409,3,328013,4408173
410,3,328030,4408201
411,3,328048,4408229
412,3,328067,4408258
413,3,328088,4408290
414,3,328111,4408325
415,3,328145,4408374
416,3,328164,4408403
417,3,328223,4408490
418,3,328241,4408517
419,3,328258,4408542
420,3,328277,4408569
421,3,328296,4408593
422,3,328313,4408616
423,3,328330,4408638
424,3,328349,4408660
425,3,328367,4408681
426,3,328385,4408701
427,3,328404,4408720
428,3,328413,4408728
429,3,328422,4408737
430,3,328431,4408745
431,3,328440,4408753
432,3,328449,4408761
433,3,328458,4408769
434,3,328467,4408776
435,3,328477,4408783
436,3,328486,4408790
437,3,328497,4408797
438,3,328508,4408803
439,3,328519,4408810
440,3,328531,4408816
441,3,328544,4408822
442,3,328558,4408828
443,3,328572,4408834
444,3,328584,4408839
445,3,328597,4408843
446,3,328611,4408848
447,3,328625,4408853
448,3,328653,4408862
449,3,328720,4408882
450,3,328738,4408888
451,3,328754,4408893
452,3,328771,4408899
453,3,328786,4408905
454,3,328801,4408911
455,3,328814,4408916
456,3,328828,4408923
457,3,328841,4408930
458,3,328853,4408937
459,3,328865,4408944
460,3,328876,4408951
461,3,328886,4408959
462,3,328895,4408967
463,3,328904,4408975
464,3,328912,4408983
465,3,328919,4408991
466,3,328926,4409000
467,3,328933,4409009
468,3,328940,4409018
469,3,328947,4409027
470,3,328953,4409037
471,3,328959,4409048
472,3,328966,4409059
473,3,328971,4409070
474,3,328977,4409081
475,3,328983,4409093
476,3,328988,4409106
477,3,328993,4409119
478,3,328998,4409132
479,3,329003,4409146
480,3,329011,4409168
481,3,329018,4409193
482,3,329026,4409218
483,3,329033,4409246
484,3,329039,4409273
485,3,329046,4409302
486,3,329068,4409408
487,3,329077,4409450
488,3,329083,4409472
489,3,329088,4409493
490,3,329093,4409512
491,3,329098,4409531
492,3,329109,4409570
493,3,329120,4409609
494,3,329131,4409649
495,3,329142,4409688
496,3,329152,4409728
497,3,329162,4409767
498,3,329172,4409807
499,3,329181,4409847
500,4,328751,4406985
501,4,328751,4407019
502,4,328751,4407052
503,4,328751,4407085
504,4,328751,4407119
505,4,328752,4407152
506,4,328754,4407185
507,4,328755,4407218
508,4,328757,4407251
509,4,328759,4407284
510,4,328762,4407317
511,4,328764,4407350
512,4,328768,4407383
513,4,328771,4407416
514,4,328775,4407449
515,4,328779,4407482
516,4,328783,4407515
517,4,328790,4407562
518,4,328797,4407608
519,4,328805,4407652
520,4,328812,4407695
521,4,328821,4407736
522,4,328829,4407776
523,4,328838,4407815
524,4,328848,4407853
525,4,328858,4407893
526,4,328869,4407933
527,4,328881,4407972
528,4,328893,4408012
529,4,328906,4408051
530,4,328920,4408090
531,4,328934,4408129
532,4,328949,4408167
533,4,328964,4408206
534,4,328980,4408244
535,4,328997,4408282
536,4,329014,4408320
537,4,329032,4408358
538,4,329050,4408396
539,4,329069,4408433
540,4,329089,4408470
541,5,325985,4410049
542,5,326002,4410017
543,5,326020,4409986
544,5,326038,4409954
545,5,326056,4409923
546,5,326074,4409893
547,5,326093,4409862
548,5,326112,4409832
549,5,326131,4409802
550,5,326150,4409772
551,5,326170,4409743
552,5,326190,4409714
553,5,326210,4409685
554,5,326231,4409656
555,5,326251,4409628
556,5,326272,4409600
557,5,326294,4409572
558,5,326315,4409544
559,5,326337,4409517
560,5,326359,4409490
561,5,326381,4409463
562,5,326404,4409437
563,5,326427,4409411
564,5,326450,4409385
565,5,326473,4409359
566,5,326497,4409334
567,5,326521,4409309
568,5,326545,4409284
569,5,326570,4409259
570,5,326594,4409235
571,5,326619,4409211
572,5,326645,4409187
573,5,326670,4409163
574,5,326690,4409146
575,5,326710,4409128
576,5,326731,4409110
577,5,326752,4409092
578,5,326775,4409074
579,5,326798,4409055
580,5,326822,4409036
581,5,326847,4409017
582,5,326872,4408998
583,5,326897,4408979
584,5,326924,4408959
585,5,326953,4408938
586,5,327014,4408895
587,5,327120,4408820
588,5,327233,4408740
589,5,327273,4408712
590,5,327310,4408686
591,5,327347,4408662
592,5,327381,4408638
593,5,327414,4408616
594,5,327446,4408595
595,5,327479,4408575
596,5,327510,4408555
597,5,327541,4408536
598,5,327572,4408518
599,5,327602,4408500
600,5,327631,4408484
601,5,327660,4408468
602,5,327689,4408453
603,5,327733,4408430
604,5,327777,4408408
605,5,327821,4408387
606,5,327866,4408366
607,5,327911,4408346
608,5,327956,4408327
609,5,328001,4408308
610,5,328047,4408290
611,5,328093,4408272
612,5,328140,4408255
613,5,328186,4408239
614,5,328233,4408223
615,5,328280,4408208
616,5,328328,4408194
617,5,328375,4408180
618,5,328423,4408166
619,5,328472,4408154
620,5,328520,4408142
621,5,328569,4408130
622,5,328618,4408120
623,5,328667,4408109
624,5,328717,4408100
625,5,328767,4408091
626,5,328817,4408083
627,5,328868,4408075
628,5,328918,4408068
629,5,328969,4408061
630,5,329021,4408055
631,5,329072,4408050
632,5,329124,4408046
633,5,329176,4408042
634,5,329228,4408038
635,6,324905,4405752
636,6,324924,4405778
637,6,324943,4405804
638,6,324962,4405830
639,6,324981,4405857
640,6,324999,4405883
641,6,325017,4405909
642,6,325035,4405936
643,6,325053,4405963
644,6,325070,4405989
645,6,325088,4406016
646,6,325105,4406043
647,6,325122,4406070
648,6,325138,4406097
649,6,325155,4406124
650,6,325171,4406151
651,6,325187,4406179
652,6,325203,4406206
653,6,325218,4406234
654,6,325234,4406261
655,6,325249,4406289
656,6,325264,4406317
657,6,325279,4406345
658,6,325293,4406373
659,6,325308,4406401
660,6,325322,4406429
661,6,325336,4406457
662,6,325349,4406486
663,6,325363,4406514
664,6,325376,4406543
665,6,325389,4406571
666,6,325402,4406600
667,6,325415,4406629
668,6,325432,4406669
669,6,325448,4406710
670,6,325465,4406752
671,6,325481,4406796
672,6,325497,4406841
673,6,325513,4406887
674,6,325528,4406935
675,6,325544,4406985
676,6,325558,4407032
677,6,325573,4407082
678,6,325588,4407134
679,6,325603,4407190
680,6,325616,4407239
681,6,325631,4407293
682,6,325680,4407480
683,6,325699,4407553
684,6,325731,4407674
685,6,325754,4407759
686,6,325774,4407837
687,6,325792,4407908
688,6,325809,4407978
689,6,325825,4408043
690,6,325840,4408106
691,6,325854,4408167
692,6,325867,4408228
693,6,325880,4408288
694,6,325891,4408346
695,6,325902,4408403
696,6,325911,4408458
697,6,325920,4408512
698,6,325928,4408566
699,6,325936,4408619
700,6,325945,4408688
701,6,325953,4408758
702,6,325960,4408828
703,6,325966,4408897
704,6,325972,4408967
705,6,325977,4409037
706,6,325981,4409108
707,6,325984,4409178
708,6,325987,4409248
709,6,325989,4409319
710,6,325990,4409389
711,6,325990,4409460
712,6,325989,4409531
713,6,325988,4409602
714,6,325986,4409673
715,6,325983,4409744
716,7,326990,4411094
717,7,326998,4411065
718,7,327005,4411036
719,7,327013,4411007
720,7,327020,4410979
721,7,327027,4410950
722,7,327033,4410921
723,7,327039,4410893
724,7,327045,4410865
725,7,327051,4410837
726,7,327056,4410808
727,7,327061,4410780
728,7,327066,4410752
729,7,327071,4410725
730,7,327075,4410697
731,7,327079,4410669
732,7,327083,4410642
733,7,327086,4410614
734,7,327089,4410587
735,7,327092,4410560
736,7,327095,4410533
737,7,327097,4410506
738,7,327099,4410479
739,7,327101,4410452
740,7,327102,4410425
741,7,327104,4410398
742,7,327104,4410372
743,7,327105,4410345
744,7,327105,4410319
745,7,327105,4410293
746,7,327105,4410267
747,7,327105,4410241
748,7,327104,4410215
749,7,327103,4410189
750,7,327102,4410163
751,7,327100,4410137
752,7,327098,4410112
753,7,327096,4410086
754,7,327093,4410061
755,7,327091,4410036
756,7,327088,4410011
757,7,327084,4409985
758,7,327081,4409960
759,7,327077,4409936
760,7,327073,4409911
761,7,327068,4409886
762,7,327063,4409862
763,7,327059,4409837
764,7,327053,4409813
765,7,327048,4409788
766,7,327042,4409764
767,7,327036,4409740
768,7,327029,4409716
769,7,327023,4409692
770,7,327016,4409668
771,7,327008,4409645
772,7,327001,4409621
773,7,326993,4409598
774,7,326985,4409574
775,7,326977,4409551
776,7,326968,4409528
777,7,326959,4409505
778,7,326950,4409482
779,7,326940,4409459
780,7,326931,4409436
781,7,326925,4409424
782,7,326919,4409411
783,7,326913,4409399
784,7,326907,4409387
785,7,326900,4409374
786,7,326893,4409362
787,7,326886,4409350
788,7,326878,4409337
789,7,326870,4409324
790,7,326862,4409312
791,7,326853,4409299
792,7,326844,4409286
793,7,326835,4409273
794,7,326825,4409260
795,7,326814,4409246
796,7,326804,4409233
797,7,326786,4409210
798,7,326766,4409187
799,7,326746,4409163
800,7,326723,4409137
801,7,326703,4409115
802,7,326680,4409090
803,7,326604,4409008
804,7,326576,4408978
805,7,326548,4408948
806,7,326524,4408920
807,7,326500,4408892
808,7,326477,4408865
809,7,326456,4408838
810,7,326437,4408813
811,7,326428,4408800
812,7,326419,4408788
813,7,326410,4408775
814,7,326402,4408763
815,7,326394,4408750
816,7,326386,4408738
817,7,326379,4408726
818,7,326372,4408714
819,7,326365,4408702
820,7,326359,4408690
821,7,326353,4408678
822,7,326347,4408666
823,7,326341,4408654
824,7,326336,4408642
825,7,326331,4408630
826,7,326327,4408619
827,7,326319,4408597
828,7,326311,4408576
829,7,326304,4408553
830,7,326297,4408531
831,7,326291,4408508
832,7,326285,4408484
833,7,326279,4408461
834,7,326274,4408436
835,7,326269,4408411
836,7,326265,4408386
837,7,326261,4408360
838,7,326257,4408334
839,7,326254,4408307
840,7,326250,4408279
841,7,326248,4408250
842,7,326245,4408221
843,7,326243,4408195
844,7,326242,4408168
845,7,326240,4408141
846,7,326239,4408113
847,7,326238,4408084
848,7,326238,4408054
849,7,326237,4408023
850,7,326237,4407990
851,7,326237,4407941
852,7,326238,4407886
853,7,326239,4407825
854,7,326243,4407646
855,7,326243,4407590
856,7,326244,4407541
857,7,326244,4407502
858,7,326244,4407463
859,7,326245,4407423
860,7,326246,4407383
861,7,326248,4407343
862,7,326250,4407303
863,7,326252,4407261
864,7,326255,4407220
865,7,326257,4407178
866,7,326261,4407135
867,7,326264,4407092
868,7,326268,4407049
869,7,326272,4407005
870,7,326277,4406960
871,7,326282,4406914
872,7,326287,4406868
873,7,326293,4406823
874,7,326298,4406777
875,7,326304,4406730
876,7,326311,4406683
877,7,326318,4406634
878,7,326325,4406584
879,7,326333,4406533
880,7,326341,4406480
881,7,326358,4406374
882,7,326377,4406257
883,7,326399,4406130
884,7,326433,4405930
885,7,326450,4405834
886,7,326467,4405739
887,7,326486,4405644
888,7,326504,4405548
889,7,326523,4405453
890,7,326543,4405358
891,7,326564,4405263
892,7,326585,4405169
893,7,326607,4405074
894,7,326629,4404979
895,7,326652,4404885
896,7,326676,4404790
897,7,326700,4404696
898,7,326725,4404602
899,7,326751,4404508
900,7,326777,4404414
901,8,324920,4406417
902,8,324971,4406462
903,8,325022,4406508
904,8,325072,4406553
905,8,325121,4406600
906,8,325170,4406647
907,8,325219,4406694
908,8,325266,4406742
909,8,325314,4406790
910,8,325361,4406839
911,8,325407,4406888
912,8,325452,4406938
913,8,325497,4406988
914,8,325542,4407038
915,8,325586,4407089
916,8,325629,4407141
917,8,325672,4407193
918,8,325693,4407219
919,8,325715,4407247
920,8,325737,4407275
921,8,325759,4407303
922,8,325782,4407333
923,8,325804,4407364
924,8,325828,4407396
925,8,325852,4407429
926,8,325898,4407493
927,8,325949,4407566
928,8,325999,4407638
929,8,326108,4407797
930,8,326137,4407840
931,8,326167,4407885
932,8,326198,4407932
933,8,326231,4407983
934,8,326264,4408033
935,8,326299,4408089
936,8,326435,4408303
937,8,326493,4408394
938,8,326525,4408443
939,8,326555,4408489
940,8,326583,4408532
941,8,326611,4408573
942,8,326652,4408633
943,8,326692,4408693
944,8,326733,4408753
945,8,326774,4408812
946,8,326816,4408872
947,8,326857,4408931
948,8,326899,4408990
949,8,326941,4409049
950,8,326983,4409108
951,8,327025,4409167
952,8,327067,4409226
953,8,327110,4409285
954,8,327152,4409343
955,8,327195,4409402
956,8,327238,4409460
957,8,327281,4409518
958,9,325179,4405324
959,9,325199,4405345
960,9,325219,4405366
961,9,325240,4405386
962,9,325260,4405405
963,9,325281,4405425
964,9,325302,4405444
965,9,325323,4405462
966,9,325344,4405481
967,9,325366,4405498
968,9,325387,4405516
969,9,325409,4405533
970,9,325431,4405550
971,9,325453,4405567
972,9,325475,4405583
973,9,325497,4405598
974,9,325520,4405614
975,9,325542,4405629
976,9,325565,4405644
977,9,325588,4405658
978,9,325611,4405672
979,9,325634,4405685
980,9,325658,4405699
981,9,325681,4405712
982,9,325705,4405724
983,9,325729,4405736
984,9,325753,4405748
985,9,325777,4405760
986,9,325801,4405771
987,9,325826,4405781
988,9,325850,4405792
989,9,325875,4405802
990,9,325900,4405812
991,9,325939,4405826
992,9,325978,4405840
993,9,326015,4405852
994,9,326051,4405864
995,9,326086,4405874
996,9,326121,4405884
997,9,326155,4405893
998,9,326188,4405900
999,9,326221,4405907
1000,9,326253,4405913
1001,9,326269,4405916
1002,9,326284,4405918
1003,9,326300,4405920
1004,9,326315,4405922
1005,9,326330,4405924
1006,9,326345,4405926
1007,9,326360,4405927
1008,9,326375,4405928
1009,9,326390,4405929
1010,9,326404,4405929
1011,9,326419,4405930
1012,9,326433,4405930
1013,9,326443,4405930
1014,9,326453,4405930
1015,9,326463,4405929
1016,9,326473,4405928
1017,9,326484,4405927
1018,9,326495,4405926
1019,9,326519,4405922
1020,9,326539,4405919
1021,9,326562,4405914
1022,9,326583,4405910
1023,9,326635,4405899
1024,9,326662,4405893
1025,9,326687,4405889
1026,9,326710,4405885
1027,9,326721,4405884
1028,9,326732,4405882
1029,9,326742,4405881
1030,9,326752,4405881
1031,9,326762,4405880
1032,9,326772,4405880
1033,9,326782,4405880
1034,9,326791,4405880
1035,9,326809,4405881
1036,9,326828,4405883
1037,9,326847,4405885
1038,9,326865,4405887
1039,9,326884,4405889
1040,9,326904,4405892
1041,9,326923,4405896
1042,9,326942,4405900
1043,9,326961,4405904
1044,9,326981,4405908
1045,9,327000,4405913
1046,9,327020,4405919
1047,9,327039,4405924
1048,9,327058,4405931
1049,9,327077,4405937
1050,9,327096,4405944
1051,9,327115,4405951
1052,9,327134,4405958
1053,9,327152,4405966
1054,9,327170,4405974
1055,9,327188,4405982
1056,9,327206,4405991
1057,9,327223,4406000
1058,9,327240,4406009
1059,9,327257,4406018
1060,9,327273,4406028
1061,9,327289,4406038
1062,9,327305,4406048
1063,9,327320,4406058
1064,9,327335,4406068
1065,9,327349,4406079
1066,9,327363,4406090
1067,9,327374,4406099
1068,9,327384,4406108
1069,9,327395,4406117
1070,9,327405,4406127
1071,9,327416,4406137
1072,9,327426,4406148
1073,9,327436,4406159
1074,9,327447,4406170
1075,9,327457,4406182
1076,9,327467,4406194
1077,9,327477,4406207
1078,9,327487,4406220
1079,9,327497,4406233
1080,9,327507,4406247
1081,9,327516,4406261
1082,9,327526,4406276
1083,9,327536,4406291
1084,9,327546,4406306
1085,9,327555,4406322
1086,9,327565,4406338
1087,9,327575,4406354
1088,9,327584,4406371
1089,9,327594,4406389
1090,9,327604,4406407
1091,9,327623,4406445
1092,9,327644,4406486
1093,9,327665,4406530
1094,9,327689,4406581
1095,9,327693,4406592
1096,9,327698,4406603
1097,9,327702,4406614
1098,9,327706,4406626
1099,9,327710,4406638
1100,9,327714,4406649
1101,9,327718,4406662
1102,9,327721,4406674
1103,9,327724,4406687
1104,9,327727,4406700
1105,9,327730,4406713
1106,9,327732,4406727
1107,9,327734,4406741
1108,9,327737,4406756
1109,9,327739,4406770
1110,9,327740,4406786
1111,9,327743,4406811
1112,9,327745,4406838
1113,9,327747,4406867
1114,9,327748,4406898
1115,9,327749,4406925
1116,9,327750,4406956
1117,9,327751,4407059
1118,9,327752,4407098
1119,9,327753,4407136
1120,9,327755,4407170
1121,9,327756,4407189
1122,9,327757,4407207
1123,9,327759,4407224
1124,9,327760,4407241
1125,9,327762,4407257
1126,9,327764,4407273
1127,9,327767,4407288
1128,9,327769,4407302
1129,9,327772,4407319
1130,9,327776,4407335
1131,9,327779,4407350
1132,9,327784,4407365
1133,9,327788,4407379
1134,9,327793,4407393
1135,9,327798,4407407
1136,9,327803,4407420
1137,9,327808,4407433
1138,9,327814,4407446
1139,9,327821,4407458
1140,9,327827,4407470
1141,9,327834,4407481
1142,9,327842,4407492
1143,9,327850,4407503
1144,9,327858,4407514
1145,9,327868,4407526
1146,9,327879,4407539
1147,9,327891,4407552
1148,9,327904,4407565
1149,9,327917,4407578
1150,9,327932,4407591
1151,9,327947,4407604
1152,9,327963,4407618
1153,9,327977,4407630
1154,9,327993,4407642
1155,9,328009,4407655
1156,9,328027,4407668
1157,9,328061,4407693
1158,9,328135,4407747
1159,9,328167,4407770
1160,9,328197,4407792
1161,9,328227,4407814
1162,9,328257,4407836
1163,9,328287,4407858
1164,9,328318,4407879
1165,9,328349,4407900
1166,9,328380,4407920
1167,9,328411,4407941
1168,10,328509,4406679
1169,10,328504,4406716
1170,10,328499,4406752
1171,10,328494,4406788
1172,10,328490,4406825
1173,10,328485,4406861
1174,10,328481,4406898
1175,10,328477,4406934
1176,10,328474,4406970
1177,10,328470,4407007
1178,10,328467,4407043
1179,10,328464,4407080
1180,10,328461,4407116
1181,10,328459,4407153
1182,10,328457,4407189
1183,10,328454,4407226
1184,10,328452,4407262
1185,10,328450,4407311
1186,10,328448,4407360
1187,10,328447,4407409
1188,10,328445,4407458
1189,10,328445,4407507
1190,10,328444,4407556
1191,10,328444,4407605
1192,10,328445,4407654
1193,10,328445,4407703
1194,10,328446,4407752
1195,10,328448,4407801
1196,10,328450,4407850
1197,10,328452,4407899
1198,10,328454,4407949
1199,10,328457,4407998
1200,10,328460,4408047
1201,11,325426,4408536
1202,11,325545,4408563
1203,11,325664,4408591
1204,11,325783,4408618
1205,11,325902,4408645
1206,11,326021,4408672
1207,11,326140,4408699
1208,11,326259,4408725
1209,11,326378,4408751
1210,11,326497,4408777
1211,11,326617,4408802
1212,11,326736,4408828
1213,11,326855,4408853
1214,11,326975,4408877
1215,11,327094,4408902
1216,11,327214,4408926
1217,11,327333,4408950
1218,11,327363,4408956
1219,11,327395,4408961
1220,11,327428,4408966
1221,11,327464,4408971
1222,11,327502,4408976
1223,11,327544,4408981
1224,11,327588,4408986
1225,11,327713,4408998
1226,11,327752,4409003
1227,11,327786,4409007
1228,11,327826,4409012
1229,11,327863,4409017
1230,11,327897,4409023
1231,11,327930,4409029
1232,11,327950,4409033
1233,11,327969,4409037
1234,11,327988,4409041
1235,11,328007,4409046
1236,11,328025,4409050
1237,11,328042,4409055
1238,11,328059,4409060
1239,11,328076,4409066
1240,11,328092,4409071
1241,11,328108,4409077
1242,11,328124,4409083
1243,11,328139,4409089
1244,11,328155,4409095
1245,11,328169,4409102
1246,11,328184,4409109
1247,11,328198,4409116
1248,11,328219,4409127
1249,11,328239,4409138
1250,11,328260,4409150
1251,11,328280,4409162
1252,11,328300,4409174
1253,11,328320,4409187
1254,11,328340,4409200
1255,11,328359,4409213
1256,11,328379,4409227
1257,11,328398,4409241
1258,11,328417,4409256
1259,11,328436,4409270
1260,11,328455,4409285
1261,11,328473,4409301
1262,11,328492,4409317
1263,11,328510,4409333
1264,11,328528,4409349
1265,11,328546,4409366
1266,11,328564,4409383
1267,11,328581,4409401
1268,11,328598,4409418
1269,11,328616,4409437
1270,11,328633,4409455
1271,11,328650,4409474
1272,11,328666,4409493
1273,11,328683,4409513
1274,11,328699,4409533
1275,11,328715,4409553
1276,11,328731,4409573
1277,11,328747,4409594
1278,11,328763,4409616
1279,11,328778,4409637
1280,12,324254,4406226
1281,12,324308,4406311
1282,12,324362,4406395
1283,12,324417,4406478
1284,12,324472,4406562
1285,12,324528,4406645
1286,12,324584,4406728
1287,12,324640,4406811
1288,12,324697,4406893
1289,12,324754,4406975
1290,12,324812,4407057
1291,12,324870,4407138
1292,12,324928,4407219
1293,12,324987,4407300
1294,12,325046,4407381
1295,12,325106,4407461
1296,12,325166,4407541
1297,12,325226,4407620
1298,12,325287,4407699
1299,12,325349,4407780
1300,12,325413,4407860
1301,12,325478,4407942
1302,12,325544,4408024
1303,12,325611,4408107
1304,12,325680,4408191
1305,12,325750,4408275
1306,12,325822,4408361
1307,12,325895,4408447
1308,12,325971,4408535
1309,12,326047,4408625
1310,12,326126,4408715
1311,12,326207,4408808
1312,12,326291,4408903
1313,12,326378,4409001
1314,12,326466,4409099
1315,12,326554,4409196
1316,12,326643,4409293
1317,12,326733,4409389
1318,12,326822,4409485
1319,12,326913,4409580
1320,12,327003,4409675
1321,12,327095,4409770
1322,12,327187,4409864
1323,12,327279,4409957
1324,12,327372,4410051
1325,12,327465,4410143
1326,12,327559,4410236
1327,12,327653,4410327
1328,12,327748,4410419
1329,13,325871,4409886
1330,13,325881,4409859
1331,13,325890,4409831
1332,13,325901,4409804
1333,13,325911,4409778
1334,13,325922,4409751
1335,13,325933,4409725
1336,13,325944,4409700
1337,13,325956,4409675
1338,13,325968,4409650
1339,13,325980,4409625
1340,13,325993,4409601
1341,13,326005,4409577
1342,13,326019,4409554
1343,13,326032,4409531
1344,13,326046,4409508
1345,13,326060,4409486
1346,13,326074,4409464
1347,13,326089,4409442
1348,13,326104,4409421
1349,13,326119,4409400
1350,13,326135,4409379
1351,13,326151,4409359
1352,13,326167,4409339
1353,13,326184,4409319
1354,13,326200,4409300
1355,13,326218,4409281
1356,13,326235,4409263
1357,13,326253,4409244
1358,13,326271,4409227
1359,13,326289,4409209
1360,13,326308,4409192
1361,13,326327,4409175
1362,13,326341,4409163
1363,13,326356,4409151
1364,13,326371,4409139
1365,13,326387,4409128
1366,13,326403,4409116
1367,13,326420,4409105
1368,13,326437,4409094
1369,13,326454,4409083
1370,13,326472,4409072
1371,13,326491,4409061
1372,13,326510,4409051
1373,13,326530,4409040
1374,13,326550,4409030
1375,13,326571,4409020
1376,13,326592,4409009
1377,13,326614,4408999
1378,13,326635,4408990
1379,13,326657,4408981
1380,13,326679,4408972
1381,13,326702,4408963
1382,13,326725,4408954
1383,13,326749,4408944
1384,13,326775,4408935
1385,13,326801,4408926
1386,13,326849,4408909
1387,13,326902,4408891
1388,13,326953,4408875
1389,13,327067,4408837
1390,13,327120,4408820
1391,13,327144,4408812
1392,13,327168,4408805
1393,13,327193,4408799
1394,13,327218,4408792
1395,13,327244,4408787
1396,13,327270,4408782
1397,13,327297,4408777
1398,13,327324,4408773
1399,13,327352,4408769
1400,13,327380,4408766
1401,13,327409,4408764
1402,13,327439,4408761
1403,13,327469,4408760
1404,13,327500,4408758
1405,13,327532,4408758
1406,13,327565,4408757
1407,13,327592,4408758
1408,13,327620,4408758
1409,13,327649,4408759
1410,13,327678,4408760
1411,13,327709,4408761
1412,13,327740,4408763
1413,13,327772,4408765
1414,13,327806,4408767
1415,13,327866,4408772
1416,13,327932,4408778
1417,13,327996,4408784
1418,13,328156,4408800
1419,13,328241,4408808
1420,13,328285,4408812
1421,13,328326,4408815
1422,13,328365,4408818
1423,13,328402,4408820
1424,13,328444,4408822
1425,13,328485,4408823
1426,13,328524,4408824
1427,13,328561,4408824
1428,13,328597,4408823
1429,13,328632,4408822
1430,13,328667,4408820
1431,13,328700,4408818
1432,13,328719,4408816
1433,13,328738,4408814
1434,13,328756,4408812
1435,13,328775,4408809
1436,13,328793,4408807
1437,13,328810,4408804
1438,13,328828,4408800
1439,13,328845,4408797
1440,13,328862,4408793
1441,13,328879,4408790
1442,13,328895,4408786
1443,13,328912,4408781
1444,13,328928,4408777
1445,13,328944,4408772
1446,13,328959,4408767
1447,13,328975,4408761
1448,13,328990,4408756
1449,13,329005,4408750
1450,13,329019,4408744
1451,13,329034,4408738
1452,13,329048,4408731
1453,13,329062,4408724
1454,13,329076,4408717
1455,13,329090,4408710
1456,13,329104,4408702
1457,13,329117,4408695
1458,13,329130,4408687
1459,13,329143,4408678
1460,13,329156,4408670
1461,13,329168,4408661
1462,13,329181,4408652
1463,13,329193,4408642
1464,13,329214,4408625
1465,13,329235,4408608
1466,13,329256,4408590
1467,13,329277,4408572
1468,13,329298,4408553
1469,13,329318,4408534
1470,13,329338,4408515
1471,13,329359,4408495
1472,13,329378,4408475
1473,13,329398,4408454
1474,13,329418,4408433
1475,13,329437,4408412
1476,13,329456,4408390
1477,13,329475,4408368
1478,13,329494,4408345
1479,13,329513,4408322
1480,14,327455,4405031
1481,14,327447,4405053
1482,14,327439,4405075
1483,14,327431,4405097
1484,14,327422,4405119
1485,14,327414,4405140
1486,14,327405,4405161
1487,14,327396,4405182
1488,14,327386,4405203
1489,14,327377,4405223
1490,14,327367,4405244
1491,14,327357,4405264
1492,14,327346,4405284
1493,14,327336,4405303
1494,14,327325,4405323
1495,14,327314,4405342
1496,14,327302,4405361
1497,14,327291,4405380
1498,14,327279,4405399
1499,14,327267,4405417
1500,14,327255,4405435
1501,14,327242,4405453
1502,14,327230,4405471
1503,14,327217,4405489
1504,14,327204,4405506
1505,14,327190,4405524
1506,14,327177,4405541
1507,14,327163,4405558
1508,14,327149,4405574
1509,14,327134,4405591
1510,14,327120,4405607
1511,14,327105,4405623
1512,14,327090,4405639
1513,14,327067,4405662
1514,14,327045,4405684
1515,14,327024,4405704
1516,14,327004,4405723
1517,14,326985,4405741
1518,14,326966,4405758
1519,14,326947,4405774
1520,14,326929,4405789
1521,14,326911,4405804
1522,14,326893,4405817
1523,14,326875,4405830
1524,14,326858,4405841
1525,14,326841,4405852
1526,14,326824,4405863
1527,14,326807,4405872
1528,14,326791,4405880
1529,14,326782,4405885
1530,14,326772,4405889
1531,14,326763,4405893
1532,14,326753,4405897
1533,14,326743,4405901
1534,14,326733,4405904
1535,14,326723,4405908
1536,14,326713,4405911
1537,14,326703,4405914
1538,14,326692,4405917
1539,14,326681,4405920
1540,14,326670,4405922
1541,14,326659,4405924
1542,14,326648,4405927
1543,14,326626,4405930
1544,14,326602,4405933
1545,14,326578,4405936
1546,14,326554,4405938
1547,14,326529,4405939
1548,14,326503,4405939
1549,14,326477,4405939
1550,14,326450,4405937
1551,14,326422,4405936
1552,14,326395,4405933
1553,14,326366,4405930
1554,14,326337,4405926
1555,14,326307,4405922
1556,14,326277,4405916
1557,14,326246,4405910
1558,14,326215,4405904
1559,14,326182,4405896
1560,14,326150,4405888
1561,14,326116,4405880
1562,14,326082,4405870
1563,14,326048,4405860
1564,14,326012,4405849
1565,14,325976,4405837
1566,14,325939,4405825
1567,14,325900,4405812
1568,14,325875,4405803
1569,14,325851,4405793
1570,14,325826,4405783
1571,14,325802,4405773
1572,14,325778,4405763
1573,14,325754,4405752
1574,14,325730,4405740
1575,14,325706,4405729
1576,14,325683,4405716
1577,14,325659,4405704
1578,14,325636,4405691
1579,14,325613,4405677
1580,14,325590,4405664
1581,14,325567,4405649
1582,14,325544,4405635
1583,14,325522,4405620
1584,14,325499,4405604
1585,14,325477,4405589
1586,14,325455,4405572
1587,14,325432,4405556
1588,14,325411,4405539
1589,14,325389,4405521
1590,14,325367,4405503
1591,14,325346,4405485
1592,14,325324,4405466
1593,14,325303,4405447
1594,14,325282,4405428
1595,14,325261,4405408
1596,14,325240,4405388
1597,14,325220,4405367
1598,14,325199,4405346
1599,14,325179,4405324
1600,15,327489,4405062
1601,15,327480,4405082
1602,15,327472,4405102
1603,15,327465,4405121
1604,15,327457,4405141
1605,15,327450,4405161
1606,15,327443,4405180
1607,15,327437,4405200
1608,15,327431,4405219
1609,15,327425,4405239
1610,15,327420,4405258
1611,15,327415,4405278
1612,15,327410,4405297
1613,15,327405,4405317
1614,15,327401,4405336
1615,15,327398,4405355
1616,15,327394,4405375
1617,15,327391,4405394
1618,15,327388,4405413
1619,15,327386,4405432
1620,15,327383,4405452
1621,15,327382,4405471
1622,15,327380,4405490
1623,15,327379,4405509
1624,15,327378,4405528
1625,15,327377,4405547
1626,15,327377,4405566
1627,15,327377,4405585
1628,15,327378,4405604
1629,15,327378,4405623
1630,15,327380,4405642
1631,15,327381,4405661
1632,15,327383,4405680
1633,15,327385,4405700
1634,15,327388,4405720
1635,15,327392,4405740
1636,15,327397,4405761
1637,15,327402,4405783
1638,15,327409,4405805
1639,15,327416,4405827
1640,15,327424,4405851
1641,15,327431,4405870
1642,15,327439,4405891
1643,15,327448,4405912
1644,15,327458,4405935
1645,15,327476,4405977
1646,15,327521,4406077
1647,15,327533,4406104
1648,15,327543,4406128
1649,15,327553,4406153
1650,15,327562,4406176
1651,15,327570,4406198
1652,15,327577,4406220
1653,15,327592,4406265
1654,15,327606,4406310
1655,15,327621,4406355
1656,15,327635,4406400
1657,15,327648,4406445
1658,15,327662,4406491
1659,15,327675,4406536
1660,15,327689,4406581
1661,16,325179,4405324
1662,16,325192,4405352
1663,16,325205,4405379
1664,16,325219,4405406
1665,16,325233,4405433
1666,16,325247,4405459
1667,16,325262,4405485
1668,16,325277,4405512
1669,16,325292,4405538
1670,16,325308,4405564
1671,16,325324,4405589
1672,16,325340,4405614
1673,16,325356,4405638
1674,16,325371,4405661
1675,16,325387,4405684
1676,16,325403,4405706
1677,16,325419,4405728
1678,16,325436,4405751
1679,16,325454,4405773
1680,16,325471,4405795
1681,16,325488,4405816
1682,16,325506,4405836
1683,16,325523,4405856
1684,16,325541,4405875
1685,16,325558,4405894
1686,16,325577,4405914
1687,16,325596,4405933
1688,16,325615,4405952
1689,16,325634,4405970
1690,16,325653,4405988
1691,16,325672,4406005
1692,16,325691,4406021
1693,16,325710,4406038
1694,16,325731,4406055
1695,16,325752,4406071
1696,16,325774,4406088
1697,16,325795,4406103
1698,16,325817,4406119
1699,16,325839,4406134
1700,16,325860,4406148
1701,16,325882,4406162
1702,16,325907,4406177
1703,16,325931,4406191
1704,16,325955,4406205
1705,16,325978,4406218
1706,16,326001,4406230
1707,16,326024,4406241
1708,16,326046,4406251
1709,16,326068,4406261
1710,16,326083,4406267
1711,16,326099,4406274
1712,16,326115,4406280
1713,16,326132,4406286
1714,16,326150,4406292
1715,16,326170,4406299
1716,16,326216,4406314
1717,16,326227,4406317
1718,16,326238,4406321
1719,16,326250,4406324
1720,16,326262,4406327
1721,16,326287,4406332
1722,16,326314,4406338
1723,16,326337,4406342
1724,16,326364,4406346
1725,16,326451,4406358
1726,16,326483,4406363
1727,16,326514,4406369
1728,16,326542,4406374
1729,16,326557,4406377
1730,16,326571,4406380
1731,16,326584,4406384
1732,16,326597,4406387
1733,16,326609,4406391
1734,16,326622,4406395
1735,16,326633,4406399
1736,16,326645,4406403
1737,16,326668,4406412
1738,16,326692,4406423
1739,16,326717,4406434
1740,16,326742,4406445
1741,16,326768,4406458
1742,16,326794,4406472
1743,16,326822,4406487
1744,16,326852,4406503
1745,16,326877,4406518
1746,16,326903,4406533
1747,16,326930,4406550
1748,16,326957,4406567
1749,16,326984,4406586
1750,16,327013,4406606
1751,16,327044,4406627
1752,16,327077,4406651
1753,16,327093,4406663
1754,16,327109,4406675
1755,16,327125,4406687
1756,16,327142,4406700
1757,16,327175,4406727
1758,16,327211,4406757
1759,16,327246,4406788
1760,16,327285,4406822
1761,16,327327,4406860
1762,16,327387,4406914
1763,16,327411,4406936
1764,16,327435,4406959
1765,16,327459,4406982
1766,16,327483,4407006
1767,16,327507,4407031
1768,16,327532,4407058
1769,16,327558,4407085
1770,16,327584,4407113
1771,16,327607,4407140
1772,16,327632,4407167
1773,16,327658,4407197
1774,16,327685,4407228
1775,16,327737,4407290
1776,16,327838,4407410
1777,16,327879,4407458
1778,16,327922,4407509
1779,16,327961,4407553
1780,16,327983,4407579
1781,16,328006,4407604
1782,16,328027,4407628
1783,16,328048,4407650
1784,16,328069,4407673
1785,16,328090,4407694
1786,16,328110,4407715
1787,16,328130,4407735
1788,16,328171,4407774
1789,16,328211,4407814
1790,16,328252,4407853
1791,16,328294,4407893
1792,16,328335,4407931
1793,16,328377,4407970
1794,16,328418,4408009
1795,16,328460,4408047
1796,17,325554,4406083
1797,17,325560,4406106
1798,17,325567,4406128
1799,17,325574,4406151
1800,17,325581,4406173
1801,17,325589,4406195
1802,17,325596,4406217
1803,17,325604,4406238
1804,17,325612,4406260
1805,17,325620,4406282
1806,17,325628,4406303
1807,17,325636,4406324
1808,17,325645,4406346
1809,17,325654,4406367
1810,17,325663,4406388
1811,17,325672,4406408
1812,17,325681,4406429
1813,17,325691,4406450
1814,17,325700,4406470
1815,17,325710,4406490
1816,17,325720,4406511
1817,17,325730,4406531
1818,17,325741,4406550
1819,17,325751,4406570
1820,17,325762,4406590
1821,17,325773,4406610
1822,17,325784,4406629
1823,17,325796,4406648
1824,17,325807,4406667
1825,17,325819,4406687
1826,17,325831,4406705
1827,17,325843,4406724
1828,17,325855,4406743
1829,17,325867,4406761
1830,17,325880,4406778
1831,17,325893,4406796
1832,17,325907,4406814
1833,17,325922,4406832
1834,17,325938,4406850
1835,17,325955,4406868
1836,17,325972,4406886
1837,17,325991,4406905
1838,17,326010,4406924
1839,17,326030,4406944
1840,17,326053,4406965
1841,17,326075,4406985
1842,17,326099,4407007
1843,17,326192,4407089
1844,17,326231,4407124
1845,17,326251,4407142
1846,17,326270,4407160
1847,17,326288,4407177
1848,17,326305,4407194
1849,17,326325,4407214
1850,17,326344,4407234
1851,17,326362,4407253
1852,17,326379,4407272
1853,17,326395,4407291
1854,17,326410,4407310
1855,17,326424,4407329
1856,17,326437,4407347
1857,17,326449,4407365
1858,17,326461,4407383
1859,17,326473,4407402
1860,17,326485,4407422
1861,17,326497,4407442
1862,17,326509,4407463
1863,17,326520,4407485
1864,17,326532,4407508
1865,17,326543,4407530
1866,17,326554,4407552
1867,17,326565,4407576
1868,17,326577,4407602
1869,17,326600,4407653
1870,17,326644,4407753
1871,17,326662,4407794
1872,17,326681,4407836
1873,17,326699,4407874
1874,17,326709,4407895
1875,17,326720,4407916
1876,17,326730,4407936
1877,17,326740,4407955
1878,17,326751,4407974
1879,17,326761,4407992
1880,17,326771,4408009
1881,17,326782,4408026
1882,17,326798,4408052
1883,17,326814,4408078
1884,17,326831,4408103
1885,17,326847,4408129
1886,17,326864,4408154
1887,17,326882,4408180
1888,17,326899,4408205
1889,17,326916,4408230
1890,17,326934,4408255
1891,17,326952,4408280
1892,17,326970,4408304
1893,17,326988,4408329
1894,17,327006,4408353
1895,17,327025,4408378
1896,17,327043,4408402
1897,17,327062,4408426
1898,17,327089,4408459
1899,17,327117,4408493
1900,17,327147,4408527
1901,17,327177,4408561
1902,17,327209,4408596
1903,17,327243,4408631
1904,17,327278,4408668
1905,17,327315,4408705
1906,17,327346,4408735
1907,17,327378,4408765
1908,17,327412,4408798
1909,17,327448,4408832
1910,17,327519,4408898
1911,17,327654,4409021
1912,17,327708,4409071
1913,17,327764,4409123
1914,17,327814,4409170
1915,17,327854,4409207
1916,17,327899,4409249
1917,17,327946,4409291
1918,17,328076,4409408
1919,17,328115,4409444
1920,17,328150,4409477
1921,17,328190,4409515
1922,17,328227,4409551
1923,17,328244,4409568
1924,17,328261,4409585
1925,17,328278,4409602
1926,17,328293,4409619
1927,17,328334,4409663
1928,17,328374,4409707
1929,17,328413,4409751
1930,17,328452,4409796
1931,17,328490,4409842
1932,17,328528,4409888
1933,17,328565,4409934
1934,17,328602,4409981
1935,18,323970,4406617
1936,18,323985,4406647
1937,18,324001,4406677
1938,18,324018,4406706
1939,18,324034,4406735
1940,18,324051,4406763
1941,18,324068,4406792
1942,18,324085,4406820
1943,18,324103,4406847
1944,18,324120,4406875
1945,18,324138,4406902
1946,18,324157,4406928
1947,18,324175,4406954
1948,18,324194,4406980
1949,18,324213,4407006
1950,18,324232,4407031
1951,18,324252,4407056
1952,18,324271,4407081
1953,18,324291,4407105
1954,18,324312,4407129
1955,18,324332,4407153
1956,18,324353,4407176
1957,18,324374,4407199
1958,18,324395,4407222
1959,18,324417,4407244
1960,18,324438,4407266
1961,18,324460,4407288
1962,18,324482,4407309
1963,18,324505,4407330
1964,18,324528,4407351
1965,18,324551,4407371
1966,18,324574,4407391
1967,18,324597,4407410
1968,18,324613,4407423
1969,18,324629,4407435
1970,18,324645,4407447
1971,18,324662,4407459
1972,18,324680,4407471
1973,18,324698,4407482
1974,18,324716,4407493
1975,18,324734,4407504
1976,18,324754,4407515
1977,18,324773,4407525
1978,18,324794,4407536
1979,18,324814,4407546
1980,18,324836,4407556
1981,18,324857,4407565
1982,18,324880,4407575
1983,18,324903,4407584
1984,18,324925,4407593
1985,18,324947,4407601
1986,18,324969,4407610
1987,18,324993,4407618
1988,18,325017,4407626
1989,18,325042,4407634
1990,18,325068,4407642
1991,18,325095,4407651
1992,18,325146,4407666
1993,18,325202,4407682
1994,18,325259,4407697
1995,18,325410,4407738
1996,18,325455,4407751
1997,18,325495,4407762
1998,18,325540,4407775
1999,18,325582,4407788
2000,18,325622,4407801
2001,18,325660,4407814
2002,18,325682,4407822
2003,18,325704,4407830
2004,18,325725,4407838
2005,18,325746,4407847
2006,18,325766,4407855
2007,18,325786,4407863
2008,18,325805,4407872
2009,18,325823,4407880
2010,18,325842,4407889
2011,18,325860,4407898
2012,18,325877,4407907
2013,18,325894,4407917
2014,18,325911,4407926
2015,18,325928,4407936
2016,18,325944,4407945
2017,18,325959,4407955
2018,18,325994,4407978
2019,18,326028,4408000
2020,18,326062,4408023
2021,18,326096,4408047
2022,18,326130,4408070
2023,18,326163,4408094
2024,18,326196,4408118
2025,18,326229,4408143
2026,18,326262,4408167
2027,18,326294,4408192
2028,18,326327,4408217
2029,18,326358,4408242
2030,18,326390,4408268
2031,18,326421,4408293
2032,18,326452,4408319
2033,18,326482,4408345
2034,18,326512,4408371
2035,18,326542,4408397
2036,18,326571,4408424
2037,18,326600,4408450
2038,18,326628,4408476
2039,18,326656,4408503
2040,18,326683,4408530
2041,18,326711,4408557
2042,18,326737,4408583
2043,18,326763,4408610
2044,18,326789,4408638
2045,18,326814,4408665
2046,18,326839,4408692
2047,18,326864,4408719
2048,18,326888,4408746
2049,18,326911,4408774
2050,18,326934,4408801
2051,18,326956,4408828
2052,18,326978,4408856
2053,18,326999,4408883
2054,18,327020,4408910
2055,18,327041,4408938
2056,18,327061,4408965
2057,18,327080,4408992
2058,18,327099,4409020
2059,18,327118,4409047
2060,18,327135,4409075
2061,18,327153,4409102
2062,18,327170,4409130
2063,18,327186,4409157
2064,18,327202,4409185
2065,18,327218,4409212
2066,18,327233,4409239
2067,18,327247,4409267
2068,18,327261,4409294
2069,18,327274,4409322
2070,18,327287,4409349
2071,18,327299,4409376
2072,18,327311,4409404
2073,18,327323,4409431
2074,18,327333,4409458
2075,18,327344,4409486
2076,18,327353,4409513
2077,18,327363,4409540
2078,18,327371,4409567
2079,18,327380,4409594
2080,18,327387,4409621
2081,18,327395,4409648
2082,18,327401,4409674
2083,18,327407,4409700
2084,18,327413,4409726
2085,18,327419,4409752
2086,18,327424,4409779
2087,18,327429,4409805
2088,18,327434,4409832
2089,18,327439,4409859
2090,18,327443,4409886
2091,18,327447,4409913
2092,18,327451,4409940
2093,18,327454,4409967
2094,18,327457,4409995
2095,18,327460,4410022
2096,18,327463,4410049
2097,18,327465,4410077
2098,18,327467,4410104
2099,18,327469,4410131
2100,18,327471,4410158
2101,18,327472,4410186
2102,18,327473,4410213
2103,18,327473,4410240
2104,18,327474,4410267
2105,18,327474,4410293
2106,18,327473,4410320
2107,18,327473,4410346
2108,18,327472,4410373
2109,18,327471,4410399
2110,18,327470,4410425
2111,18,327468,4410451
2112,18,327466,4410476
2113,18,327464,4410502
2114,18,327461,4410529
2115,18,327458,4410557
2116,18,327454,4410584
2117,18,327451,4410612
2118,18,327446,4410639
2119,18,327442,4410667
2120,18,327437,4410694
2121,18,327432,4410721
2122,18,327427,4410749
2123,18,327421,4410776
2124,18,327415,4410804
2125,18,327409,4410831
2126,18,327402,4410858
2127,18,327396,4410885
2128,18,327388,4410913
2129,18,327381,4410940
2130,19,329584,4408713
2131,19,329543,4408760
2132,19,329501,4408805
2133,19,329460,4408850
2134,19,329418,4408895
2135,19,329376,4408939
2136,19,329333,4408983
2137,19,329290,4409026
2138,19,329247,4409068
2139,19,329204,4409110
2140,19,329160,4409152
2141,19,329116,4409193
2142,19,329071,4409233
2143,19,329027,4409273
2144,19,328981,4409313
2145,19,328936,4409352
2146,19,328890,4409390
2147,19,328844,4409428
2148,19,328798,4409465
2149,19,328751,4409502
2150,19,328704,4409538
2151,19,328657,4409574
2152,19,328609,4409609
2153,19,328561,4409644
2154,19,328513,4409678
2155,19,328464,4409712
2156,19,328415,4409745
2157,19,328366,4409778
2158,19,328317,4409810
2159,19,328267,4409842
2160,19,328216,4409873
2161,19,328166,4409903
2162,19,328115,4409933
2163,19,328077,4409955
2164,19,328040,4409977
2165,19,328002,4409998
2166,19,327963,4410019
2167,19,327925,4410039
2168,19,327887,4410060
2169,19,327848,4410080
2170,19,327809,4410100
2171,19,327770,4410119
2172,19,327731,4410138
2173,19,327691,4410157
2174,19,327652,4410176
2175,19,327612,4410194
2176,19,327572,4410212
2177,19,327532,4410230
2178,19,327492,4410248
2179,19,327451,4410265
2180,19,327411,4410282
2181,19,327370,4410299
2182,19,327329,4410315
2183,19,327288,4410331
2184,19,327247,4410347
2185,19,327205,4410363
2186,19,327163,4410378
2187,19,327122,4410393
2188,19,327080,4410408
2189,19,327037,4410422
2190,19,326995,4410436
2191,19,326953,4410450
2192,19,326910,4410464
2193,19,326867,4410477
2194,19,326824,4410490
2195,20,324088,4406356
2196,20,324149,4406349
2197,20,324209,4406341
2198,20,324270,4406335
2199,20,324331,4406328
2200,20,324391,4406322
2201,20,324452,4406317
2202,20,324513,4406312
2203,20,324573,4406307
2204,20,324634,4406303
2205,20,324695,4406299
2206,20,324756,4406296
2207,20,324816,4406293
2208,20,324877,4406290
2209,20,324938,4406288
2210,20,324998,4406287
2211,20,325059,4406285
2212,20,325100,4406285
2213,20,325142,4406285
2214,20,325187,4406286
2215,20,325235,4406288
2216,20,325277,4406290
2217,20,325323,4406293
2218,20,325480,4406303
2219,20,325538,4406306
2220,20,325596,4406309
2221,20,325649,4406311
2222,20,325677,4406312
2223,20,325704,4406312
2224,20,325730,4406312
2225,20,325756,4406312
2226,20,325781,4406312
2227,20,325805,4406311
2228,20,325829,4406310
2229,20,325853,4406309
2230,20,325878,4406307
2231,20,325905,4406305
2232,20,325933,4406301
2233,20,326005,4406292
2234,20,326027,4406290
2235,20,326046,4406288
2236,20,326068,4406286
2237,20,326088,4406285
2238,20,326107,4406285
2239,20,326125,4406285
2240,20,326149,4406287
2241,20,326172,4406289
2242,20,326196,4406291
2243,20,326220,4406295
2244,20,326244,4406299
2245,20,326268,4406304
2246,20,326292,4406310
2247,20,326317,4406317
2248,20,326342,4406324
2249,20,326367,4406332
2250,20,326392,4406341
2251,20,326418,4406351
2252,20,326443,4406362
2253,20,326469,4406373
2254,20,326495,4406385
2255,20,326521,4406398
2256,20,326548,4406412
2257,20,326574,4406426
2258,20,326601,4406441
2259,20,326628,4406457
2260,20,326655,4406474
2261,20,326682,4406491
2262,20,326709,4406509
2263,20,326737,4406528
2264,20,326764,4406548
2265,20,326792,4406569
2266,20,326820,4406590
2267,20,326848,4406612
2268,20,326876,4406634
2269,20,326904,4406658
2270,20,326933,4406682
2271,20,326961,4406707
2272,20,326976,4406720
2273,20,326990,4406733
2274,20,327005,4406747
2275,20,327019,4406761
2276,20,327033,4406775
2277,20,327048,4406790
2278,20,327062,4406805
2279,20,327076,4406821
2280,20,327090,4406836
2281,20,327104,4406852
2282,20,327118,4406869
2283,20,327132,4406885
2284,20,327146,4406902
2285,20,327160,4406919
2286,20,327174,4406937
2287,20,327188,4406955
2288,20,327201,4406973
2289,20,327215,4406992
2290,20,327229,4407010
2291,20,327242,4407029
2292,20,327255,4407049
2293,20,327269,4407069
2294,20,327282,4407089
2295,20,327295,4407109
2296,20,327308,4407129
2297,20,327321,4407150
2298,20,327334,4407171
2299,20,327346,4407192
2300,20,327359,4407214
2301,20,327372,4407236
2302,20,327384,4407258
2303,20,327396,4407280
2304,20,327415,4407316
2305,20,327434,4407351
2306,20,327451,4407388
2307,20,327469,4407424
2308,20,327485,4407461
2309,20,327501,4407498
2310,20,327517,4407536
2311,20,327532,4407573
2312,20,327546,4407612
2313,20,327559,4407650
2314,20,327572,4407689
2315,20,327585,4407728
2316,20,327597,4407767
2317,20,327608,4407807
2318,20,327618,4407847
2319,20,327628,4407888
2320,21,327066,4406643
2321,21,327081,4406656
2322,21,327096,4406669
2323,21,327110,4406681
2324,21,327124,4406695
2325,21,327139,4406708
2326,21,327152,4406721
2327,21,327166,4406734
2328,21,327180,4406748
2329,21,327193,4406761
2330,21,327206,4406775
2331,21,327219,4406789
2332,21,327232,4406803
2333,21,327244,4406817
2334,21,327256,4406831
2335,21,327268,4406845
2336,21,327280,4406860
2337,21,327292,4406874
2338,21,327303,4406889
2339,21,327315,4406904
2340,21,327326,4406918
2341,21,327337,4406933
2342,21,327347,4406948
2343,21,327358,4406964
2344,21,327368,4406979
2345,21,327378,4406994
2346,21,327388,4407010
2347,21,327397,4407025
2348,21,327406,4407041
2349,21,327416,4407057
2350,21,327425,4407073
2351,21,327433,4407089
2352,21,327442,4407105
2353,21,327453,4407127
2354,21,327464,4407151
2355,21,327475,4407175
2356,21,327485,4407200
2357,21,327495,4407226
2358,21,327504,4407253
2359,21,327514,4407282
2360,21,327523,4407311
2361,21,327531,4407339
2362,21,327539,4407369
2363,21,327547,4407400
2364,21,327555,4407434
2365,21,327562,4407464
2366,21,327569,4407497
2367,21,327594,4407608
2368,21,327603,4407649
2369,21,327607,4407671
2370,21,327612,4407693
2371,21,327616,4407717
2372,21,327619,4407743
2373,21,327622,4407766
2374,21,327625,4407792
2375,21,327635,4407884
2376,21,327640,4407920
2377,21,327644,4407956
2378,21,327647,4407973
2379,21,327650,4407989
2380,21,327653,4408008
2381,21,327656,4408026
2382,21,327660,4408043
2383,21,327664,4408059
2384,21,327668,4408075
2385,21,327673,4408091
2386,21,327678,4408106
2387,21,327683,4408120
2388,21,327693,4408148
2389,21,327704,4408176
2390,21,327716,4408203
2391,21,327729,4408231
2392,21,327742,4408258
2393,21,327756,4408285
2394,21,327770,4408311
2395,21,327785,4408338
2396,21,327801,4408364
2397,21,327818,4408390
2398,21,327835,4408415
2399,21,327853,4408441
2400,21,327871,4408466
2401,21,327890,4408491
2402,21,327910,4408516
2403,21,327930,4408540
